num_epochs,learning_rate,final_train_loss,final_valid_loss,final_train_acc,final_valid_acc
1800,0.001,1.0129699110984802,1.0126480609178543,0.5455,0.535
1800,0.005,0.8363798279315233,0.8153152316808701,0.8115,0.84
1800,0.01,0.9214364811778069,0.8711739480495453,0.5235,0.545
2400,0.001,1.023502891883254,1.0548474788665771,0.4555,0.42
2400,0.005,0.7725919969379902,0.7716497778892517,0.814,0.845
2400,0.01,0.9332764372229576,0.9112902134656906,0.5055,0.53
3800,0.001,0.9278811998665333,0.9308460205793381,0.6565,0.65
3800,0.005,0.7760051134973764,0.7630142122507095,0.8105,0.85
3800,0.01,0.750221760943532,0.7252553850412369,0.8175,0.845
